name,image_url,source_page
Ally,assets/images/team/Ally-e1487589049713.jpg,team.html
Isaac,assets/images/team/Photo-11-11-2024-13-09-54.jpg,team.html
Jack,assets/images/team/Jack.jpg,team.html
Richard,assets/images/team/Richard.jpg,team.html
Tori,assets/images/team/Tori-photo.jpeg,team.html
Aabhya,assets/images/team/Aabhya-Photo.jpg,team.html
Adela,assets/images/team/Adela-Schreuder-Obiols-scaled.jpeg,team.html
Alicja,assets/images/team/Alicja-Rusniok.jpeg,team.html
Amy,assets/images/team/Amy-Franklin-.jpeg,team.html
Anna D,assets/images/team/Anna-Davies-photo.jpg,team.html
Aruna,assets/images/team/Aruna-Bisht-scaled.jpg,team.html
Asiyah K,assets/images/team/Asiyah-Photo.jpg,team.html
Beatrice D,assets/images/team/Bea-Photo-scaled.jpg,team.html
Becky S,assets/images/team/Becky-S-Photo.jpg,team.html
Bethany,assets/images/team/Bethany-Photo-scaled.jpg,team.html
Bukola A,assets/images/team/Photo-Bukola-A.jpg,team.html
Charis B,assets/images/team/Charis-Bellamy-Photo.jpg,team.html
Charlotte W,assets/images/team/Charlotte-W-Photo-scaled.jpg,team.html
Chloe,assets/images/team/Chloe-Perversi.jpg,team.html
Chris,assets/images/team/Screenshot-2025-02-10-123101.png,team.html
Christiane N,assets/images/team/Christiane-N-Bio-photo.jpg,team.html
Connie,assets/images/team/Connie-OGrady.jpg,team.html
Douglas,assets/images/team/Douglas-Idumwonyi.jpg,team.html
Ebi,assets/images/team/Ebi-Eblish.png,team.html
El A,assets/images/team/Ellen-A-photo-scaled.jpg,team.html
Eleanor,assets/images/team/Eleanor-Anderson.png,team.html
Elena,assets/images/team/Elena-photo-1.jpg,team.html
Elise,assets/images/team/Elise-Roberts-Updated-Picture.png,team.html
Emily,assets/images/team/Emily-Clarke.jpg,team.html
Emily C,assets/images/team/Emily-C-photo.jpg,team.html
Ev,assets/images/team/Ev-Nunn.jpg,team.html
Faozyat,assets/images/team/Faozyat-Bhadmus-scaled.jpg,team.html
Fiza S,assets/images/team/Photo-Fiza-S-1.jpg,team.html
Gordon,assets/images/team/Gordon-Picture.jpg,team.html
Grace B,assets/images/team/Grace-B-Photo-scaled.jpg,team.html
Grace C,assets/images/team/Grace-Chan.jpg,team.html
Grace O,assets/images/team/Grace-Photo.jpg,team.html
Gurjot,assets/images/team/Gurjot-Kaur.jpg,team.html
Infal,assets/images/team/Infal-Shakil.jpg,team.html
Jack D,assets/images/team/Jack-Cropped.jpg,team.html
Jamie,assets/images/team/Jamie-photo.jpg,team.html
Jamie B,assets/images/team/Photo-07-05-2025-16-33-30-1.jpg,team.html
Jemima,assets/images/team/Jemima-Rowland-Jones.jpg,team.html
Josh,assets/images/team/Josh-Roche-Picture.jpg,team.html
Julietta,assets/images/team/Julietta-Photo.jpg,team.html
Kacey,assets/images/team/Kacey-photo.jpg,team.html
Kimberley,assets/images/team/Kimberley-Fairley.jpg,team.html
Kobe,assets/images/team/Kobe-Wynter.jpg,team.html
Liv D,assets/images/team/Olivia-photo.jpeg,team.html
Louise,assets/images/team/Louise-picture-scaled.jpg,team.html
Lucy,assets/images/team/Lucy-Mandiwall.jpg,team.html
Martha A,assets/images/team/Martha-Adelagun.jpg,team.html
Megan C,assets/images/team/Megan-Photo.jpg,team.html
Millie,assets/images/team/Millie-Green.jpg,team.html
Mira,assets/images/team/Photo-07-05-2025-16-53-59.jpg,team.html
Molly B,assets/images/team/Photo-05-02-2025-10-24-20.jpg,team.html
Muhammed,assets/images/team/Muhammed-Picture.jpg,team.html
Nell,assets/images/team/Photo-03-06-2025-09-52-02.jpg,team.html
Neve,assets/images/team/Photo-05-03-2025-10-26-18.jpg,team.html
Nnamdi,assets/images/team/Nnamdi-photo.jpg,team.html
Phil H,assets/images/team/Phil-H-photo.jpg,team.html
Phoebe,assets/images/team/Phoebe-Clarke.jpg,team.html
Rana,assets/images/team/Rana-Khan.jpg,team.html
Ryan,assets/images/team/Ryan-photo.png,team.html
Sahana,assets/images/team/Sahana-Picture.jpg,team.html
Sam S,assets/images/team/Sam-Photo-scaled.jpg,team.html
Sharvari,assets/images/team/Sharvari-Chaudhari.jpg,team.html
Shifa,assets/images/team/Shifa-Voller.jpg,team.html
Shine,assets/images/team/Shine-Wai-Lu.jpg,team.html
Sophie I,assets/images/team/Photo-05-03-2025-10-29-52.jpg,team.html
Tia,assets/images/team/Screenshot-2025-03-10-100254.png,team.html
